category	bytes	sha256	path
configuration	780	15dab2a824d5b5e4cccbd601b606f5d8f59c899d0c40fea61883a3e0a7f597a3	week6_task5/config/task5_4kb_sram.py
generated_gds	32250230	ea0bf4b57117d9ac8013968213333536803cb5aff8d4f8560f98b181caf66c47	week6_task5/generated/task5_4kb_sram.gds
generated_lef	17588	50e201f62e0a1489c68532dafa252f1758ebc3cee8310a0f7249b0e75ece565b	week6_task5/generated/task5_4kb_sram.lef
generated_verilog	2473	4c180c8f725c6b8f66d7b747fdc33d82a079a78822d52bdab0d849d4e381a97b	week6_task5/generated/task5_4kb_sram.v
generated_spice	6360480	e7a22d3c381b032acc15b54d72fd83b7112483468772669ca244c8907619a873	week6_task5/generated/task5_4kb_sram.sp
generated_tt_lib	11287	128ace55197b5f0058588a634f99101ee3a2bc6c73428115d2c8b3c1ce00d1bc	week6_task5/generated/task5_4kb_sram_TT_1p8V_25C.lib
generated_ss_lib	11287	d33983f0f10a6e53dae494434838c2ec3faaa777ecda417985cfc64fc42826e3	week6_task5/generated/task5_4kb_sram_SS_1p8V_25C.lib
generated_ff_lib	11285	58a8f5df93601f6ff0d2d61c7a0e046a7bec557515e2fb3b0da16766384f72da	week6_task5/generated/task5_4kb_sram_FF_1p8V_25C.lib
functional_regression	7357	657d1d28df897796a83fbd17192b2ad42e6c106736ef1d610d5d1dc5e3db0257	week6_task5/regression/logs/task5_4kb_regression.log
drc_report	15072	fd7a39c8a479b22f5149c3f9d09e1fc344e0dbbaeb800bddebb961709d87340d	week6_task5/verification/drc/r31d_authoritative_drc.log
lvs_report	351349	954e2ed9ee7c9ab1bf7c5b6a50833cacd6c5896dcbb879ab0c0451cc30b05723	week6_task5/verification/lvs/task5_4kb_sram.final.lvs.out
lvs_summary	21490	4b2aaef58931baa2a0f77556df209ed6842a1e4ca472961a2d5c4f412ed32c94	week6_task5/verification/lvs/completion_summary.txt
r109_characterization_tsv	733	5e58c6b918a1a3bfe586db9d2b2806243b6ebe99067cf1d0dfbc6552c7dd8c3c	week6_task5/characterization/r109_targeted_c_path/final_evidence/r109_tt_ss_ff_characterization.tsv
r109_characterization_json	1301	e44a405a577a773622b6c55eaa84fc20409a0f26757235df23053bc7f3549284	week6_task5/characterization/r109_targeted_c_path/final_evidence/r109_tt_ss_ff_characterization.json
r109_liberty_comparison	884	52ee4d4b0ec50222274f583070be376098e551054ce86208bf21d5c06f37349d	week6_task5/characterization/r109_targeted_c_path/final_evidence/r109_vs_openram_liberty.tsv
wrapper	1179	3ba240023fb2b285c711571cf4d2d22c45d54c0e8c24adf35ed9799c9ee5ce6e	week6_task5/integration/task5_4kb_sram_1024x32_wrapper.v
timing_signoff_tsv	307	dcf8b79c3dc6a013b312d49aad661b5f2587bf2fbe05113e1e61eeba651e285f	week6_task5/integration/sta_signoff/task5_4kb_sram_timing_signoff.tsv
timing_signoff_txt	798	86d54b5fe5dcf55c0b51b36d87ed15f4f6e41e6e851db96db48a78d4ab669392	week6_task5/integration/sta_signoff/task5_4kb_sram_timing_signoff.txt
opensta_sta_wrapper	1099	caf026eacc08954d2c536447a6b77a1464ed22d7fd7f174cc489fd17c1659cc4	week6_task5/integration/sta_signoff/task5_4kb_sram_sta_wrapper.v
opensta_ss_sdc	1042	2a949f83f86e3fb2882dd4b45a7721dccadbed743b7159c64a6d9521c7fc91ac	week6_task5/integration/sta_signoff/task5_4kb_sram_opensta_ss.sdc
opensta_ss_script	1985	e33bf30b8980842c6e524ee637162b8d57620844f5de47743f5560e3a292806e	week6_task5/integration/sta_signoff/run_opensta_ss.tcl
opensta_dout_script	1149	9f761119b7a927a62b652bd0c885c6490a70322b42a801e15021d1788d57b4e5	week6_task5/integration/sta_signoff/run_opensta_ss_dout_charpoint.tcl
opensta_ss_report	27171	064e0962924c5378de691a8bf3bfd3a4ac4a9dee97b752e68585a9819f00d37c	week6_task5/integration/sta_signoff/task5_4kb_sram_opensta_ss_report.txt
opensta_dout_probe	13088	bcf06f19392a2893060c0d2b1049839eece818cc3064d248bdfe9844d9393ca8	week6_task5/integration/sta_signoff/task5_4kb_sram_opensta_dout_probe.txt
opensta_summary_md	1345	452c11b64eb7a0db2794d34be27bdc790b5cd77105ca618d71bbe9376e67e460	week6_task5/integration/sta_signoff/task5_4kb_sram_opensta_summary.md
opensta_summary_tsv	611	decba79de8af185b985b049d4e2ecf81a9ad118a3230372b899dec93aef64b76	week6_task5/integration/sta_signoff/task5_4kb_sram_opensta_summary.tsv
opensta_dout_min_load	661	9c7156cdc5f208735e1a3e93edb4aa3305ffc2fa79a3e929ded5de02057f0758	week6_task5/integration/sta_signoff/dout_charpoint_logs/MIN_LOAD.txt
opensta_dout_mid_load	659	81ec5d0868e0b75c8bab22091f50f41c74da251b71805e8e3d763b43898c05c6	week6_task5/integration/sta_signoff/dout_charpoint_logs/MID_LOAD.txt
opensta_dout_max_load	659	eb9f6231960266b567cc9a74579dfe6fd48479912c21133f7d6f9388fa117eee	week6_task5/integration/sta_signoff/dout_charpoint_logs/MAX_LOAD.txt
repro_script	4901	149d203bceb1a199ecde4d3257bcd8f7a8dde6d134dd7495e7b8c8986543d2b4	week6_task5/reproducibility/run_task5_reproducibility.sh
repro_summary	2000	07ec7b74627418dba255439a01c8254b5b8328f6c1d66e870c31f2c81a15b211	week6_task5/reproducibility/clean_clone_evidence/clean_clone_summary.txt
repro_gds_note	1248	45a1389803dd8b58cf7cf4153274b3f5c75951ef959084e2df665df8f4a558f7	week6_task5/reproducibility/clean_clone_evidence/gds_reproducibility_note.txt
repro_fresh_manifest	685	f2446374f428344adf9fec3dd3cbf8fe0539f64d02d3b343760895a626ca04e6	week6_task5/reproducibility/clean_clone_evidence/fresh_generated_manifest.tsv
repro_readme	2191	799bbbcef3bfd55e962383e16b7cb75adba21a1d805d9ceb5733f5240ea34b76	week6_task5/reproducibility/README.md
prior_ai_prompt_history	11654	2a49c28c5fc203ee9c460194ee2626919bafb6bbdf0712c75bd4640f41336f94	ai_workflow/prompts.md
task5_ai_prompt_record	6547	586f6dde259025212b949b761b9fec5c6aa2b4ef3f2d829ce48b787b721c6c2f	week6_task5/ai/task5_ai_prompt_record.md
ai_workflow	3964	7df6172b01c3432b9d534dc0b01327e7ab14f17f8d0d97a9f83a18920f9231d9	week6_task5/ai/task5_ai_workflow.md
ai_errors_fixes	11405	7c7d46345267c01256f474bcc33259a30852837af62ae9a3cb14d7f9cb81ecaf	week6_task5/ai/task5_errors_and_fixes.md
signoff_checkpoint	1717	5b0385d60ca6f9494628b9478a92793fa457117c843a188eacaab19838309d56	week6_task5/docs/signoff_checkpoint.md
final_signoff	9398	3b56d96afdd0faaee2c8b4989d623e5517252fdb2a8a285fadff82481fecfec4	week6_task5/docs/final_signoff.md
