path	bytes	sha256
week6_task5/characterization/r108_full_macro_feasibility/final_evidence/R108_BUNDLE_SHA256.txt	623	217eb2c8003012b27752ad7e348825defbc5af7b329fd84b64f2d5c6868cced8
week6_task5/characterization/r108_full_macro_feasibility/final_evidence/R108_COMMAND_AND_CONTEXT.txt	1635	cc33178c9830fdeaaca528f07517bfaa647a23b218e89180157665d67c9178c6
week6_task5/characterization/r108_full_macro_feasibility/final_evidence/R108_EVIDENCE_MANIFEST.txt	2509	7be26321efa00f5758d213110898f4b3c3baf52f3da345462b302779ce6b586d
week6_task5/characterization/r108_full_macro_feasibility/final_evidence/ngspice_status.txt	4	9d9b18720961e9b4689fd763b85e7b6f36160ccd3a8a1c9ddc5103bb0f66c396
week6_task5/characterization/r108_full_macro_feasibility/final_evidence/ngspice_time.txt	1010	32eab9b0466cfffa8dbc59c646bb9f81d95f12d64d8d5977802932da4aee5c58
week6_task5/characterization/r108_full_macro_feasibility/final_evidence/ngspice_tt.log	353	a6a9ed5113c55407986b7e6fe76dce13568c61409646a20eb68c0d8988a5ec6d
week6_task5/characterization/r108_full_macro_feasibility/final_evidence/overnight_memory_monitor.log	26287	bb3e734227a8392a838c5df15185a47b7797e2d56965ebd119cb3a44a1fcc362
week6_task5/characterization/r108_full_macro_feasibility/final_evidence/tt_write_read_no_vgnd.sp	5687	41f685a2c3e07a8c17c7e80ced4308c6c0ba1f2f17b78aa76021e5b15fd1bc9b
week6_task5/characterization/r109_targeted_c_path/bench/r109_ff_metrics_final.log	4683	a3714fd83e11f1981486b66ee0e950888be0bb9ef264dd720c5c390e008d647d
week6_task5/characterization/r109_targeted_c_path/bench/r109_ff_metrics_final.sp	4208	fdb04d8d63a38e6a752617de9d4653e875c7ef696e0d065c7c381c630b9c37ad
week6_task5/characterization/r109_targeted_c_path/bench/r109_ff_metrics_final.status	2	9a271f2a916b0b6ee6cecb2426f0b3206ef074578be55d9bc94f6f3fe3ab86aa
week6_task5/characterization/r109_targeted_c_path/bench/r109_ff_metrics_final_resolved.log	4849	e0566c4c711c7df7db6bf45ae491d2d21aa1dbe0c952973ecb382a256707818c
week6_task5/characterization/r109_targeted_c_path/bench/r109_ff_metrics_final_resolved.sp	5065	cba72baa78a021ea6f8f25e5d45c6f482b5b55cddcb7a3f1ef82386bc348221a
week6_task5/characterization/r109_targeted_c_path/bench/r109_ff_metrics_final_resolved.status	2	9a271f2a916b0b6ee6cecb2426f0b3206ef074578be55d9bc94f6f3fe3ab86aa
week6_task5/characterization/r109_targeted_c_path/bench/r109_ff_read_semantics.log	4760	055723a382c6c53decac7e79ccbf6e679a364670ff9d558ed8ec480fb6bee663
week6_task5/characterization/r109_targeted_c_path/bench/r109_ff_read_semantics.sp	4526	ec401b73274098d82787bf035d068bbeea551487b6814b57c41dd296a0ff708e
week6_task5/characterization/r109_targeted_c_path/bench/r109_ff_read_semantics.status	2	9a271f2a916b0b6ee6cecb2426f0b3206ef074578be55d9bc94f6f3fe3ab86aa
week6_task5/characterization/r109_targeted_c_path/bench/r109_ss_metrics_final.log	4593	6f812b86bc5909ad6ceb4b7fbaa96959f7176aa41d239c4d9aa26882b5ef568f
week6_task5/characterization/r109_targeted_c_path/bench/r109_ss_metrics_final.sp	4208	808b65da8c2afb277508084d9a5c64b3b9190877e84b6fc07bdaa39aad4281ca
week6_task5/characterization/r109_targeted_c_path/bench/r109_ss_metrics_final.status	2	9a271f2a916b0b6ee6cecb2426f0b3206ef074578be55d9bc94f6f3fe3ab86aa
week6_task5/characterization/r109_targeted_c_path/bench/r109_target_path_wrapper.sp	1150	8486eb8cbd165b34c7c78b39b8ed02626c638cf30b9bcbdfdf56643a366046cf
week6_task5/characterization/r109_targeted_c_path/bench/r109_tt_metrics.log	4508	9ff75206c252fc9e9a791ce29b286464c08613007d4ed60190a3f1c47b8824ec
week6_task5/characterization/r109_targeted_c_path/bench/r109_tt_metrics.sp	3709	4bf10724567671a1e19fd76391d7beb6540d948841d48d41e942cdefa6f7a69a
week6_task5/characterization/r109_targeted_c_path/bench/r109_tt_metrics.status	2	9a271f2a916b0b6ee6cecb2426f0b3206ef074578be55d9bc94f6f3fe3ab86aa
week6_task5/characterization/r109_targeted_c_path/bench/r109_tt_metrics_final.log	4594	88c24c6536eba027c6a07e12cc2c3b92dacea333a295e6de61a57ce383f0ef8f
week6_task5/characterization/r109_targeted_c_path/bench/r109_tt_metrics_final.sp	4208	999731ace206983ffa47128b49a4e6c8bd00ee4561692d4f330711c67570f9b6
week6_task5/characterization/r109_targeted_c_path/bench/r109_tt_metrics_final.status	2	9a271f2a916b0b6ee6cecb2426f0b3206ef074578be55d9bc94f6f3fe3ab86aa
week6_task5/characterization/r109_targeted_c_path/bench/r109_tt_op_smoke.log	1470	6867e2e4ba3ff60a831467146a813e182ca45d9f9445175f0a466143d6540ca5
week6_task5/characterization/r109_targeted_c_path/bench/r109_tt_op_smoke.sp	755	52fc10e083b3855a7cb92d6d68bea6ef22e1479c357ecea34267ffaddfa023fa
week6_task5/characterization/r109_targeted_c_path/bench/r109_tt_op_smoke.status	2	9a271f2a916b0b6ee6cecb2426f0b3206ef074578be55d9bc94f6f3fe3ab86aa
week6_task5/characterization/r109_targeted_c_path/bench/r109_tt_write_read_functional.log	3873	c91e4c95e8793fb8bac3867a2552ca3ce14ce229b50cdd09b8cea02fcc09e985
week6_task5/characterization/r109_targeted_c_path/bench/r109_tt_write_read_functional.sp	2648	a327f80cf88a4848358fedbaf66e8ef310d23617c139d580f2a2cc844642b84a
week6_task5/characterization/r109_targeted_c_path/bench/r109_tt_write_read_functional.status	2	9a271f2a916b0b6ee6cecb2426f0b3206ef074578be55d9bc94f6f3fe3ab86aa
week6_task5/characterization/r109_targeted_c_path/bench/ss_sen_sweep/results/ss_sen_21p25n.log	4738	56ad25e6a630e6e0eed1a77d9e7af40a80538bc43ae6423f358c1074fa5c86b9
week6_task5/characterization/r109_targeted_c_path/bench/ss_sen_sweep/results/ss_sen_21p25n.status	2	9a271f2a916b0b6ee6cecb2426f0b3206ef074578be55d9bc94f6f3fe3ab86aa
week6_task5/characterization/r109_targeted_c_path/bench/ss_sen_sweep/results/ss_sen_21p5n.log	4733	40ef6ebd8d17fef49e16423372f4648f0fed95c038b51f626cc51adadcb18e3b
week6_task5/characterization/r109_targeted_c_path/bench/ss_sen_sweep/results/ss_sen_21p5n.status	2	9a271f2a916b0b6ee6cecb2426f0b3206ef074578be55d9bc94f6f3fe3ab86aa
week6_task5/characterization/r109_targeted_c_path/bench/ss_sen_sweep/results/ss_sen_21p75n.log	4734	b81c402104910cfe43c74fe333c3e3c5f93fe131af00b41932cb9bc461c43414
week6_task5/characterization/r109_targeted_c_path/bench/ss_sen_sweep/results/ss_sen_21p75n.status	2	9a271f2a916b0b6ee6cecb2426f0b3206ef074578be55d9bc94f6f3fe3ab86aa
week6_task5/characterization/r109_targeted_c_path/bench/ss_sen_sweep/results/ss_sen_22p0n.log	4733	5a57189810cd80f27119939258c246776ba17d038078c3f3941bb5e7a213b768
week6_task5/characterization/r109_targeted_c_path/bench/ss_sen_sweep/results/ss_sen_22p0n.status	2	9a271f2a916b0b6ee6cecb2426f0b3206ef074578be55d9bc94f6f3fe3ab86aa
week6_task5/characterization/r109_targeted_c_path/bench/ss_sen_sweep/ss_sen_21p25n.sp	4543	e4feab899b1a5c385b1fad28039ccad41afd3353f0b7414c3f4eb254aa2832df
week6_task5/characterization/r109_targeted_c_path/bench/ss_sen_sweep/ss_sen_21p5n.sp	4543	fbc7c971b6ca801dfb386bf21634f04a1a4f22f3ad8050bc83096c70514e241b
week6_task5/characterization/r109_targeted_c_path/bench/ss_sen_sweep/ss_sen_21p75n.sp	4543	c1d29697d90a3009ca78359ca1ac90f4fc9c072614316f6389656778cb06d464
week6_task5/characterization/r109_targeted_c_path/bench/ss_sen_sweep/ss_sen_22p0n.sp	4543	6a07d472d272d828ad7f0f0a1b73b75f229990c48c2f138c53502856dfc6a1e0
week6_task5/characterization/r109_targeted_c_path/final_evidence/openram_liberty_corner_summary.tsv	863	f7a95ad0480da5b27d1e6a18f1aed9486461598b5f784312890cdec85c7ac2a4
week6_task5/characterization/r109_targeted_c_path/final_evidence/r109_tt_ss_ff_characterization.json	1301	e44a405a577a773622b6c55eaa84fc20409a0f26757235df23053bc7f3549284
week6_task5/characterization/r109_targeted_c_path/final_evidence/r109_tt_ss_ff_characterization.tsv	733	5e58c6b918a1a3bfe586db9d2b2806243b6ebe99067cf1d0dfbc6552c7dd8c3c
week6_task5/characterization/r109_targeted_c_path/final_evidence/r109_vs_openram_liberty.md	2254	a7f4f154904efdbae5e75f630a2b8d4b3e63b030adbba1f36486ecdedd662eea
week6_task5/characterization/r109_targeted_c_path/final_evidence/r109_vs_openram_liberty.tsv	884	52ee4d4b0ec50222274f583070be376098e551054ce86208bf21d5c06f37349d
week6_task5/characterization/r109_targeted_c_path/normalized_closure/r109_target_cells.normalized.spice	9777	c6de84eade889cbb612c11c4391f7ed4dd86e9fa80287a1f6cfa14c79d248aa3
week6_task5/characterization/r109_targeted_c_path/normalized_closure/r109_target_cells.simfix.spice	9763	b4dd33d12a50defe7364c3c74d30537854735c97473421167f5a298dbce3a209
week6_task5/integration/evidence/integration_manifest_workspace.json	2355	a4f3a43e364d82435130060319390bd4ba5e672e08f6a62ddae68046ec0ad67d
week6_task5/integration/evidence/integration_run.log	1460	fa5a987c0744d4ed0acb384235dbb44da8a3d7b3233d001dd43020ab0e6c5758
week6_task5/integration/evidence/iverilog_compile.log	228	53ea7d62dba3576141366ccb8580009ba8f8e14d8d18f6851af84f20b0429917
week6_task5/integration/sta_signoff/task5_4kb_sram_timing_signoff.tsv	307	dcf8b79c3dc6a013b312d49aad661b5f2587bf2fbe05113e1e61eeba651e285f
week6_task5/integration/sta_signoff/task5_4kb_sram_timing_signoff.txt	762	7a822ceeb12781b7dda6f2f9440e06505de2f71a9a1debbe0e6fddab438916d2
week6_task5/integration/task5_4kb_sram_1024x32_wrapper.v	1179	3ba240023fb2b285c711571cf4d2d22c45d54c0e8c24adf35ed9799c9ee5ce6e
week6_task5/integration/tb_task5_4kb_sram_1024x32_wrapper.v	4954	cabfd9ab7662fae47036720887e2d45e5fc9913015e958bf8e852e6235958c6c
